Symbol,Name,"Market Cap","Net Income(a)",Sales(a),Sector,Industry,"5Y Rev%","5Y Earn%"
A,"Agilent Technologies",22836762000,1071000000,5163000000,"Computers and Technology","Electronic Test Equipment",-26.04%,2.30%
AAL,"American Airlines Gp",4686649000,1686000000,45768000000,Transportation,"Transportation - Airline",7.31%,-14.04%
AAP,"Advance Auto Parts Inc",7842292000,486900000,9709000000,Retail-Wholesale,"Retail - Wholesale Auto Parts",-1.37%,5.13%
AAPL,"Apple Inc",1174247552000,55256000000,260174000000,"Computers and Technology","Computer - Mini",42.33%,84.34%
ABBV,"Abbvie Inc",118665440000,7882000000,33266000000,Medical,"Large Cap Pharma",66.66%,169.28%
ABC,"Amerisourcebergen Corp",17618094000,855370000,179589090000,Medical,"Medical - Dental Suppliers",50.20%,78.59%
ABMD,"Abiomed Inc",7412862000,259020000,769430000,Medical,"Medical Instruments",318.99%,"1,141.38%"
ABT,"Abbott Laboratories",165850880000,3687000000,31904000000,Medical,"Medical Products",57.57%,42.11%
ACN,"Accenture Plc",105674120000,4779110000,43215010000,"Business Services",Consulting,35.58%,62.83%
ADBE,"Adobe Systems Inc",158507712000,2951460000,11171300000,"Computers and Technology","Computer - Software",169.38%,763.16%
ADI,"Analog Devices",35522184000,1363010000,5991070000,"Computers and Technology","Semi Analog & Mixed",109.13%,115.48%
ADM,"Archer Daniels Midland",19502280000,1379000000,64656000000,"Consumer Staples","Agriculture Operations",-20.38%,1.25%
ADP,"Automatic Data Procs",57686652000,2292800000,14175200000,"Business Services",Outsourcing,16.13%,73.57%
ADS,"Alliance Data Systems Corp",1713179000,278000000,5581300000,"Business Services","Financial Transaction Services",5.25%,35.01%
ADSK,"Autodesk Inc",37322960000,214500000,3274300000,"Computers and Technology","Computer - Software",30.34%,130.77%
AEE,"Ameren Corp",18263470000,828000000,5910000000,Utilities,"Utility - Electric Power",-2.36%,39.58%
AEP,"American Electric Power Company",40808880000,1921100000,15561400000,Utilities,"Utility - Electric Power",-8.57%,23.62%
AES,"The Aes Corp",8273901000,303000000,10189000000,Utilities,"Utility - Electric Power",-40.58%,4.62%
AFL,"Aflac Incorporated",24991656000,3304000000,22307000000,Finance,"Insurance - Accident & Health",-1.85%,44.16%
AGN,"Allergan Plc",60549528000,-5271000000,16088900000,Medical,"Medical - Generic Drugs",23.17%,26.18%
AIG,"American International Group",19433640000,3348000000,49746000000,Finance,"Insurance - Multi Line",-22.76%,0.22%
AIV,"Apartment Investment and Management",5324247000,474080000,914290000,Finance,"REIT - Equity Trust Resident",-7.12%,570.21%
AIZ,"Assurant Inc",6051198000,382600000,10086800000,Finance,"Insurance - Multi Line",-2.84%,42.50%
AJG,"Arthur J. Gallagher & Company",14702127000,668800000,7195000000,Finance,"Insurance - Brokers",55.52%,52.72%
AKAM,"Akamai Technologies",16732124000,478040000,2893620000,"Computers and Technology","Internet - Services",47.34%,90.00%
ALB,"Albemarle Corp",6151618000,533230000,3589430000,"Basic Materials","Chemical - Diversified",46.77%,43.81%
ALGN,"Align Technology",14748410000,442780000,2406800000,Medical,"Medical - Dental Suppliers",216.00%,180.23%
ALK,"Alaska Air Group",3467930000,769000000,8781000000,Transportation,"Transportation - Airline",63.58%,53.59%
ALL,"Allstate Corp",31719922000,4847000000,44675000000,Finance,"Insurance - Proprty & Casualty",26.78%,93.15%
ALLE,"Allegion Plc",8369706000,401800000,2854000000,"Industrial Products","Protection - Safety",34.73%,96.39%
ALXN,"Alexion Pharm Inc",22962920000,2404300000,4991100000,Medical,"Medical - Biomedical",123.44%,109.91%
AMAT,"Applied Materials",44381680000,2706000000,14608000000,"Computers and Technology","Semi-Eqpt Wafer Fabrication",61.02%,184.11%
AMCR,"Amcor Plc",13249429000,430200000,9458200000,"Industrial Products","Containers - Paper Products",117.76%,35.56%
AMD,"Adv Micro Devices",61961488000,341000000,6731000000,"Computers and Technology","Electronics - Semiconductors",22.25%,700.00%
AME,"Amtek Inc",16939434000,861300000,5158560000,"Computers and Technology","Electronic Test Equipment",28.26%,73.14%
AMGN,"Amgen Inc",135626320000,7842000000,23362000000,Medical,"Medical - Biomedical",16.44%,70.74%
AMP,"Ameriprise Financial Services",12721143000,1893000000,12967000000,Finance,"Finance - Investment Mgmt",5.70%,88.97%
AMT,"American Tower Corp",107184464000,1887800000,7580300000,Finance,"REIT - Equity Trust Other",84.88%,112.00%
AMZN,"Amazon.com Inc",1160626048000,11588000000,280522000000,Retail-Wholesale,"Internet Commerce",215.24%,"4,525.00%"
ANET,"Arista Networks Inc",15135581000,859870000,2410710000,"Computers and Technology","Communications Components",312.72%,662.28%
ANSS,"Ansys Inc",21760298000,451300000,1515890000,"Computers and Technology","Computer - Software",61.95%,74.92%
ANTM,"Anthem Inc",62875400000,4807000000,104213000000,Medical,"Medical - HMO",41.07%,119.66%
AON,"AON Plc",41263280000,1532000000,11013000000,Finance,"Insurance - Brokers",-8.57%,60.60%
AOS,"Smith [A.O.] Corp",6271479000,370000000,2992700000,"Industrial Products","Machinery - Electrical",27.02%,81.97%
APA,"Apache Corp",3234472000,-3553000000,6411000000,Oils-Energy,"Oil - US Exploration & Product",-53.71%,-100.00%
APD,"Air Products and Chemicals",45766408000,1760000000,8918900000,"Basic Materials","Chemical - Diversified",-14.56%,42.04%
APH,"Amphenol Corp",22756396000,1155000000,8225400000,"Computers and Technology","Electronics - Connectors",53.88%,66.96%
APTV,"Aptiv Plc",14892028000,990000000,14357000000,"Business Services","Technology Services",-15.66%,-5.70%
ARE,"Alexandria Real Estate Equities",18601142000,363170000,1531300000,Finance,"REIT - Equity Trust Other",110.67%,215.15%
ATO,"Atmos Energy Corp",12327322000,511410000,2901850000,Utilities,"Utility - Gas Distribution",-41.27%,50.00%
ATVI,"Activision Blizzard",50553204000,1503000000,6489000000,"Consumer Discretionary","Toys & Game & Hobby",47.21%,56.39%
AVB,"Avalonbay Communities",22271314000,785970000,2324630000,Finance,"REIT - Equity Trust Resident",37.96%,14.43%
AVGO,"Broadcom Ltd",99008232000,2724000000,22597000000,"Computers and Technology","Electronics - Semiconductors",429.33%,282.64%
AVY,"Avery Dennison Corp",8601144000,303600000,7070100000,"Industrial Products","Office Supply & Forms",11.69%,112.22%
AWK,"American Water Works",22705340000,621000000,3610000000,Utilities,"Utility - Water Supply",19.88%,48.56%
AXP,"American Express Company",65871500000,6759000000,47020000000,Finance,"Finance - Misc Services",30.61%,46.43%
AZO,Autozone,22858094000,1617220000,11863740000,Retail-Wholesale,"Retail - Wholesale Auto Parts",25.21%,100.92%
BA,"Boeing Company",76774512000,-636000000,76559000000,Aerospace,"Aerospace - Defense",-15.65%,-140.35%
BAC,"Bank of America Corp",188804048000,27430000000,113589000000,Finance,"Banks - Major Regional",19.34%,583.72%
BAX,"Baxter International Inc",45704488000,1001000000,11362000000,Medical,"Medical Products",-31.85%,-32.45%
BBY,"Best Buy Company",17458704000,1541000000,43638000000,Retail-Wholesale,"Retail - Consumer Electronics",8.18%,133.46%
BDX,"Becton Dickinson and Company",69555872000,1233000000,17290000000,Medical,"Medical - Dental Suppliers",104.71%,79.69%
BEN,"Franklin Resources",7940430000,1195700000,5774500000,Finance,"Finance - Investment Mgmt",-32.00%,-33.51%
BF.B,"Brown Forman Inc Cl B",28827002000,835000000,3324000000,"Consumer Staples","Beverages - Alcohol",11.13%,41.80%
BIIB,"Biogen Inc",57268796000,5888500000,14377900000,Medical,"Medical - Biomedical",48.18%,143.44%
BK,"Bank of New York Mellon Corp",31162646000,4441000000,20822000000,Finance,"Banks - Major Regional",29.76%,68.20%
BKNG,"Booking Holdings Inc",55114236000,4865000000,15066000000,Retail-Wholesale,"Internet Commerce",78.47%,104.77%
BKR,"Baker Hughes A Ge Co. Cl A",13144434000,128000000,23838000000,Oils-Energy,"Oil - Field Services",-2.90%,-79.86%
BLK,Blackrock,73445280000,4476000000,14539000000,Finance,"Finance - Investment Mgmt",31.21%,47.26%
BLL,"Ball Corp",21351950000,566000000,11474000000,"Industrial Products","Containers - Metal & Glass",33.89%,30.41%
BMY,"Bristol-Myers Squibb Company",136782528000,3439000000,26145000000,Medical,"Large Cap Pharma",64.65%,153.51%
BR,"Broadridge Financial Solutions Llc",12325250000,482100000,4362200000,"Business Services",Outsourcing,70.53%,107.11%
BRK.B,"Berkshire Hathaway Cl B",446956160000,81417000000,254616000000,Finance,"Insurance - Proprty & Casualty",30.79%,45.75%
BSX,"Boston Scientific Corp",48936632000,4700000000,10735000000,Medical,"Medical Products",45.46%,88.10%
BWA,"Borgwarner Inc",5273019000,746000000,10168000000,Auto-Tires-Trucks,"Auto - Truck Original Parts",22.43%,27.08%
BXP,"Boston Properties",13717438000,521530000,2960560000,Finance,"REIT - Equity Trust Other",23.51%,16.61%
C,"Citigroup Inc",87222504000,19401000000,103449000000,Finance,"Banks - Major Regional",14.22%,112.32%
CAG,"Conagra Brands Inc",16477782000,678300000,9538400000,"Consumer Staples","Food - Misc & Diversified",-46.12%,-7.37%
CAH,"Cardinal Health",14084414000,1363000000,145534000000,Medical,"Medical - Dental Suppliers",59.78%,37.50%
CARR,"Carrier Global Corporation [Carr/I]",12724816000,2116000000,18608000000,"Computers and Technology","Electronics Products - Misc",0.00%,0.00%
CAT,"Caterpillar Inc",60426616000,6093000000,53800000000,"Industrial Products","Machinery - Construct & Mining",-2.51%,73.35%
CB,"Chubb Ltd",50729252000,4454000000,34186000000,Finance,"Insurance - Proprty & Casualty",78.32%,3.27%
CBOE,"CBOE Global Markets Inc",11086569000,374400000,2496100000,Finance,"Securities Exchanges",304.40%,107.46%
CBRE,"CBRE Group Inc",13437715000,1282360000,23894090000,Finance,"Real Estate Operations",164.03%,120.83%
CCI,"Crown Castle International Corp",66542312000,860000000,5763000000,Finance,"REIT - Equity Trust Other",56.18%,73.08%
CCL,"Carnival Corp",6247731000,2989000000,20825000000,"Consumer Discretionary","Leisure & Recreation Services",31.11%,124.49%
CDNS,"Cadence Design Sys",20897730000,988980000,2336320000,"Computers and Technology","Computer - Software",47.78%,358.44%
CDW,"CDW Corp",14061492000,736800000,18032400000,"Computers and Technology","IT Services",49.34%,159.48%
CE,"Celanese Corp",8782510000,852000000,6297000000,"Basic Materials","Chemical - Specialty",-7.42%,68.08%
CERN,"Cerner Corp",20868232000,529450000,5692600000,Medical,"Medical Information Systems",67.30%,57.52%
CF,"Cf Industries Holdings",5806354000,493000000,4590000000,"Basic Materials",Fertilizers,-3.23%,-46.54%
CFG,"Citizens Financial Group Inc/Ri",8245202000,1791000000,8066000000,Finance,"Finance - Savings & Loan",50.99%,170.42%
CHD,"Church & Dwight Company",17339498000,615900000,4357700000,"Consumer Staples","Soap and Cleaning Products",32.15%,63.58%
CHRW,"C.H. Robinson Ww",9319886000,576970000,15309510000,Transportation,"Transportation - Services",13.66%,37.38%
CHTR,"Charter Communicatio",103051536000,1668000000,45764000000,"Consumer Discretionary","Cable TV",402.46%,501.06%
CI,"Cigna Corp",66168112000,5104000000,153566000000,Finance,"Insurance - Multi Line",339.84%,129.48%
CINF,"Cincinnati Financial",13007262000,1997000000,7924000000,Finance,"Insurance - Proprty & Casualty",60.24%,57.89%
CL,"Colgate-Palmolive Company",60373672000,2367000000,15693000000,"Consumer Staples","Soap and Cleaning Products",-9.17%,-3.41%
CLX,"Clorox Company",23865326000,820000000,6214000000,"Consumer Staples","Soap and Cleaning Products",11.14%,40.76%
CMA,"Comerica Inc",4130324000,1198000000,3817000000,Finance,"Banks - Major Regional",45.80%,147.94%
CMCSA,"Comcast Corp A",162588848000,13057000000,108942000000,"Consumer Discretionary","Cable TV",58.40%,112.93%
CME,"CME Group Inc",63803260000,2116500000,4868000000,Finance,"Securities Exchanges",56.40%,101.18%
CMG,"Chipotle Mexican Grill",21876276000,350160000,5586370000,Retail-Wholesale,"Retail - Restaurants",35.98%,-0.57%
CMI,"Cummins Inc",21089610000,2260000000,23571000000,Auto-Tires-Trucks,"Engines - Internal Combustion",22.63%,64.84%
CMS,"Cms Energy Corp",16600590000,680000000,6845000000,Utilities,"Utility - Electric Power",-4.65%,40.68%
CNC,"Centene Corp",38870356000,1321000000,74639000000,Medical,"Medical - HMO",350.72%,281.03%
CNP,"Centerpoint Energy Inc",7795559000,791000000,12301000000,Utilities,"Utility - Electric Power",33.33%,32.59%
COF,"Capital One Financial Corp",23401658000,5546000000,33766000000,Finance,"Finance - Consumer Loans",41.46%,59.50%
COG,"Cabot Oil & Gas Corp",8382054000,681070000,2066280000,Oils-Energy,"Oil - US Exploration & Product",-4.91%,72.34%
COO,"Cooper Companies",15387305000,466700000,2653400000,Medical,"Medical - Dental Suppliers",54.47%,69.41%
COP,Conocophillips,35740980000,7189000000,36670000000,Oils-Energy,"Oil - US Integrated",-33.95%,-32.26%
COST,"Costco Wholesale",133061288000,3659000000,152703000000,Retail-Wholesale,"Retail - Discount",35.57%,76.13%
COTY,"Coty Inc",4312319000,-3784200000,8648500000,"Consumer Staples","Cosmetics & Toiletries",90.01%,-14.47%
CPB,"Campbell Soup Company",15220017000,211000000,8107000000,"Consumer Staples","Food - Misc & Diversified",-1.95%,-10.16%
CPRI,"Capri Holdings Ltd",1714710000,543000000,5238000000,Retail-Wholesale,"Retail - Apparel & Shoes",58.21%,54.35%
CPRT,"Copart Inc",15458417000,591690000,2041960000,"Business Services","Auction Valuation Services",75.50%,188.46%
CRM,"Salesforce.com Inc",134751200000,126000000,17098000000,"Computers and Technology","Computer - Software",218.19%,"2,140.00%"
CSCO,"Cisco Systems Inc",171967680000,11621000000,51904000000,"Computers and Technology","Computer - Networks",10.10%,52.41%
CSX,"CSX Corp",46027168000,3331000000,11937000000,Transportation,"Transportation - Rail",-5.78%,117.19%
CTAS,"Cintas Corp",19821526000,884980000,6892300000,"Industrial Products","Uniform & Related",51.42%,172.40%
CTL,Centurylink,10579434000,-5269000000,22401000000,Utilities,"Wireless National",24.24%,-49.43%
CTSH,"Cognizant Tech Sol",27975002000,1842000000,16783000000,"Computers and Technology","Business Software Services",63.53%,64.88%
CTVA,"Corteva Inc",18185100000,-959000000,13846000000,"Consumer Staples","Agriculture Operations",0.00%,0.00%
CTXS,"Citrix Systems Inc",18102852000,681810000,3010560000,"Computers and Technology","Computer - Software",-4.21%,55.26%
CVS,"CVS Corp",78575640000,6634000000,256776000000,Retail-Wholesale,"Retail - Drug Stores",84.24%,67.77%
CVX,"Chevron Corp",152420160000,2924000000,146516000000,Oils-Energy,"Oil - International Integrated",-30.88%,-38.17%
CXO,"Concho Resources Inc",9758634000,-705000000,4592000000,Oils-Energy,"Oil - US Exploration & Product",72.62%,-24.13%
D,"Dominion Resources",64199180000,1358000000,16572000000,Utilities,"Utility - Electric Power",33.26%,23.62%
DAL,"Delta Air Lines Inc",14786172000,4767000000,47007000000,Transportation,"Transportation - Airline",16.46%,123.55%
DD,"Du Pont De.Nemours Inc",28669370000,498000000,21512000000,"Basic Materials","Chemical - Diversified",-63.02%,-59.27%
DE,"Deere & Company",42043896000,3253000000,39258000000,"Industrial Products","Machinery - Farm",8.85%,15.18%
DFS,"Discover Financial Services",10575994000,2957000000,13989000000,Finance,"Finance - Consumer Loans",45.55%,73.95%
DG,"Dollar General Corp",44955788000,1712560000,27753970000,Retail-Wholesale,"Retail - Discount",46.77%,92.29%
DGX,"Quest Diagnostics Inc",12606159000,858000000,7726000000,Medical,"Medical - Outpatient & Hm Care",3.91%,60.00%
DHI,"D.R. Horton",13929160000,1618500000,17592900000,Construction,"Building - Residential & Comm",119.23%,186.00%
DHR,"Danaher Corp",107147608000,3008200000,17911100000,Conglomerates,"Conglomerates - Div Operations",-10.06%,20.11%
DIS,"Walt Disney Company",181518832000,11054000000,69570000000,"Consumer Discretionary","Media Conglomerates",42.52%,33.56%
DISCA,"Discovery Comm A",10916046000,2069000000,11144000000,"Consumer Discretionary","Broadcast - Radio & TV",77.88%,100.54%
DISCK,"Discovery Comm Inc",9983611000,2069000000,11144000000,"Consumer Discretionary","Broadcast - Radio & TV",77.88%,100.54%
DISH,"Dish Network Corp",11282124000,1399510000,12807680000,"Consumer Discretionary","Cable TV",-12.54%,27.45%
DLR,"Digital Realty Trust",37517668000,579760000,3209240000,Finance,"REIT - Equity Trust Other",98.54%,155.43%
DLTR,"Dollar Tree Inc",18409686000,827000000,23610800000,Retail-Wholesale,"Retail - Discount",174.47%,52.56%
DOV,"Dover Corp",12176538000,677920000,7136400000,"Industrial Products","Machinery - General Industrial",-7.95%,30.62%
DOW,"Dow Inc",22933958000,-1359000000,42951000000,"Basic Materials","Chemical - Diversified",0.00%,0.00%
DRE,"Duke Realty Corp",12298972000,428970000,973760000,Finance,"REIT - Equity Trust Other",-16.39%,187.80%
DRI,"Darden Restaurants",7650512000,713400000,8510400000,Retail-Wholesale,"Retail - Restaurants",35.40%,242.35%
DTE,"Dte Energy Company",19092580000,1169000000,12669000000,Utilities,"Utility - Electric Power",2.99%,36.96%
DUK,"Duke Energy Corp",62715440000,3748000000,25079000000,Utilities,"Utility - Electric Power",4.82%,11.21%
DVA,"Davita Healthcare Partners Inc",9109767000,810980000,11388480000,Medical,"Medical - Outpatient & Hm Care",-10.99%,48.35%
DVN,"Devon Energy Corp",3477644000,-355000000,6220000000,Oils-Energy,"Oil - US Exploration & Product",-68.21%,-71.89%
DXC,"Dxc Technology Company",3656120000,1257000000,20753000000,"Computers and Technology","IT Services",59.66%,113.30%
EA,"Electronic Arts Inc",32811374000,1019000000,4950000000,"Consumer Discretionary","Toys & Game & Hobby",38.46%,222.13%
EBAY,"Ebay Inc",29940606000,1786000000,10800000000,Retail-Wholesale,"Internet Commerce",-39.67%,-5.31%
ECL,"Ecolab Inc",49034324000,1558900000,14906300000,"Basic Materials","Chemical - Specialty",4.38%,39.23%
ED,"Consolidated Edison Company of New York",27866874000,1343000000,12574000000,Utilities,"Utility - Electric Power",-2.67%,12.92%
EFX,"Equifax Inc",15861108000,-398800000,3507600000,"Business Services","Financial Transaction Services",43.97%,44.47%
EIX,"Edison International",21100508000,1405000000,12347000000,Utilities,"Utility - Electric Power",-7.95%,3.52%
EL,"Estee Lauder Companies",57925328000,1785000000,14863000000,"Consumer Staples","Cosmetics & Toiletries",35.50%,68.99%
EMN,"Eastman Chemical Company",7164332000,759000000,9273000000,"Basic Materials","Chemical - Diversified",-2.67%,0.85%
EMR,"Emerson Electric Company",31063168000,2306000000,18372000000,"Industrial Products","Machinery - Electrical",-25.13%,-1.60%
EOG,"Eog Resources",23573228000,2734910000,17379970000,Oils-Energy,"Oil - US Exploration & Product",-3.63%,0.61%
EQIX,"Equinix Inc",54357448000,507450000,5562140000,Finance,"REIT - Equity Trust Retail",127.60%,97.04%
EQR,"Equity Residential",23735916000,970380000,2701080000,Finance,"REIT - Equity Trust Resident",3.30%,51.16%
ES,"Eversource Energy",28804950000,909050000,8526470000,Utilities,"Utility - Electric Power",10.13%,30.19%
ESS,"Essex Property Trust",15801209000,439290000,1460160000,Finance,"REIT - Equity Trust Resident",50.64%,143.96%
ETFC,"E*Trade Finl Corp",8319344000,955000000,3145000000,Finance,"Finance - Investment Brokers",55.77%,259.82%
ETN,"Eaton Corp",31643622000,2211000000,21390000000,"Industrial Products","Machinery - Electrical",-5.15%,42.82%
ETR,"Entergy Corp",19009242000,1258240000,10878670000,Utilities,"Utility - Electric Power",-12.94%,-7.38%
EVRG,"Evergy Inc",13200620000,669900000,5147800000,Oils-Energy,"Other Alt Energy",97.86%,20.42%
EW,"Edwards Lifesciences Corp",45174752000,1046900000,4348000000,Medical,"Medical Instruments",87.18%,218.29%
EXC,"Exelon Corp",34749824000,2936000000,34438000000,Utilities,"Utility - Electric Power",25.55%,34.73%
EXPD,"Expeditors Intl",11703792000,590400000,8175430000,Transportation,"Transportation - Services",24.54%,79.69%
EXPE,"Expedia Group Inc",8014314000,565000000,12067000000,Retail-Wholesale,"Internet Commerce",109.37%,37.15%
EXR,"Extra Space Storage Inc",11512227000,419970000,1308450000,Finance,"REIT - Equity Trust Other",102.18%,111.76%
F,"Ford Motor Company",18912716000,47000000,155900000000,Auto-Tires-Trucks,"Auto - Domestic",8.21%,3.48%
FANG,"Diamondback Energy",4970118000,240000000,3964000000,Oils-Energy,"Oil - US Exploration & Product",699.64%,209.37%
FAST,"Fastenal Company",19556040000,790900000,5333700000,Retail-Wholesale,"Building Prds Retail - Wsale",42.86%,66.27%
FB,"Facebook Inc",486856704000,18485000000,70697000000,"Computers and Technology","Internet - Services",467.12%,379.85%
FBHS,"Fortune Brands Home & Security",5902578000,431900000,5764600000,"Industrial Products","Protection - Safety",43.63%,106.90%
FCX,"Freeport-Mcmoran Inc",10751703000,-239000000,14402000000,"Basic Materials","Mining - Non Ferrous",-32.82%,-98.98%
FDX,"Fedex Corp",31475400000,540000000,69693000000,Transportation,"Transportation - Air Freight",52.95%,129.93%
FE,"Firstenergy Corp",23402736000,912000000,11035000000,Utilities,"Utility - Electric Power",-26.67%,0.78%
FFIV,"F5 Networks Inc",7286751000,427730000,2242450000,"Computers and Technology","Internet - Software",29.47%,96.19%
FIS,"Fidelity National Information Services",72565568000,298000000,10333000000,"Business Services","Financial Transaction Services",61.11%,80.97%
FISV,"Fiserv Inc",62060592000,893000000,10187000000,"Business Services","Financial Transaction Services",101.09%,136.69%
FITB,"Fifth Third Bncp",11563023000,2512000000,9790000000,Finance,"Banks - Major Regional",50.55%,63.91%
FLIR,"Flir Systems Inc",5465637000,171600000,1887030000,Aerospace,"Electronics - Military",23.28%,50.68%
FLS,"Flowserve Corp",3113604000,253670000,3944850000,"Industrial Products","Machinery - General Industrial",-19.13%,-41.95%
FLT,"Fleetcor Technologies",17453146000,895070000,2648850000,"Business Services","Financial Transaction Services",120.85%,131.21%
FMC,"FMC Corp",10819972000,477400000,4609800000,"Basic Materials","Chemical - Diversified",14.17%,51.12%
FOX,"Fox Corp Cl B",15201140000,1595000000,11389000000,"Consumer Discretionary","Broadcast - Radio & TV",0.00%,0.00%
FOXA,"Fox Corp Cl A",15498489000,1595000000,11389000000,"Consumer Discretionary","Broadcast - Radio & TV",0.00%,0.00%
FRC,"First Republic Bank",16462619000,930330000,4156700000,Finance,"Banks - West",130.75%,75.08%
FRT,"Federal Realty Investment Trust",5324616000,353870000,935790000,Finance,"REIT - Equity Trust Retail",36.39%,97.01%
FTI,"Technipfmc Plc",3373915000,-2415200000,13409100000,Oils-Energy,"Oil - Field Services",68.83%,-73.48%
FTNT,"Fortinet Inc",17455066000,326500000,2156200000,"Computers and Technology",Security,179.90%,664.00%
FTV,"Fortive Corp",18785414000,738900000,7320000000,"Computers and Technology","Electronic Test Equipment",15.51%,0.00%
GD,"General Dynamics Corp",38218152000,3484000000,39350000000,Aerospace,"Aerospace - Defense",27.54%,53.00%
GE,"General Electric Company",56643736000,-4978000000,95214000000,Conglomerates,"Conglomerates - Div Operations",-35.92%,-60.61%
GILD,"Gilead Sciences Inc",98870448000,5386000000,22449000000,Medical,"Medical - Biomedical",-9.81%,-22.38%
GIS,"General Mills",36234988000,1752700000,16865200000,"Consumer Staples","Food - Misc & Diversified",-5.83%,14.18%
GL,"Globe Life Inc",7894754000,760790000,4527530000,Finance,"Finance - Misc Services",14.21%,67.49%
GLW,"Corning Inc",14825333000,960000000,11503000000,"Computers and Technology","Communications Components",18.40%,15.03%
GM,"General Motors Company",30352002000,6732000000,137237000000,Auto-Tires-Trucks,"Auto - Domestic",-11.99%,58.03%
GOOG,"Alphabet Cl C",835972160000,34343000000,161857000000,"Computers and Technology","Internet - Services",145.23%,148.36%
GOOGL,"Alphabet Cl A",833099392000,34343000000,161857000000,"Computers and Technology","Internet - Services",145.23%,147.65%
GPC,"Genuine Parts Company",10327938000,621090000,19392300000,Auto-Tires-Trucks,"Auto - Truck Replacement Parts",26.40%,23.43%
GPN,"Global Payments Inc",42405080000,430610000,4911890000,"Business Services","Financial Transaction Services",77.09%,141.15%
GPS,"Gap Inc",2807043000,351000000,16383000000,Retail-Wholesale,"Retail - Apparel & Shoes",-0.32%,-28.62%
GRMN,"Garmin Ltd",14881213000,952490000,3757510000,"Computers and Technology","Electronics Products - Misc",30.89%,43.55%
GS,"Goldman Sachs Group",59768736000,8466000000,36546000000,Finance,"Finance - Investment Brokers",5.84%,23.20%
GWW,"W.W. Grainger",14496540000,849000000,11486000000,"Industrial Products","Industrial Services",15.26%,41.03%
HAL,"Halliburton Company",6515199000,-1131000000,22408000000,Oils-Energy,"Oil - Field Services",-31.83%,-69.15%
HAS,"Hasbro Inc",9911086000,520450000,4720230000,"Consumer Discretionary","Toys & Game & Hobby",10.36%,29.52%
HBAN,"Huntington Bcshs",7949713000,1411000000,5655000000,Finance,"Banks - Midwest",91.33%,62.82%
HBI,"Hanesbrands Inc",3106433000,600720000,6966920000,"Consumer Staples","Textile - Apparel",30.84%,23.94%
HCA,"Hca Holdings Inc",35698324000,3505000000,51336000000,Medical,"Medical - Hospitals",39.05%,123.40%
HD,"Home Depot",215478400000,11242000000,110225000000,Retail-Wholesale,"Building Prds Retail - Wsale",32.52%,123.80%
HES,"Hess Corp",11100669000,-408000000,6495000000,Oils-Energy,"Oil - US Integrated",-39.51%,-123.87%
HFC,"Hollyfrontier Corp",4302877000,772390000,17486580000,Oils-Energy,"Oil - Refining and Marketing",-11.52%,83.52%
HIG,"Hartford Financial Services Group",13159014000,2085000000,20740000000,Finance,"Insurance - Multi Line",11.42%,68.15%
HII,"Huntington Ingalls Industries",7511540000,549000000,8899000000,Aerospace,"Aerospace - Defense",27.91%,96.22%
HLT,"Hilton Inc",19795914000,881000000,9452000000,"Consumer Discretionary","Hotels & Motels",-10.00%,94.03%
HOG,"Harley-Davidson Inc",2716597000,423640000,5361790000,Auto-Tires-Trucks,"Auto - Domestic",-13.92%,-13.40%
HOLX,"Hologic Inc",11150839000,-203600000,3367300000,Medical,"Medical Instruments",33.06%,60.93%
HON,"Honeywell International Inc",94063200000,6143000000,36709000000,Conglomerates,"Conglomerates - Div Operations",-8.92%,46.76%
HP,"Helmerich & Payne",2014243000,-33660000,2798490000,Oils-Energy,"Oil & Gas - Drilling",-24.77%,-71.91%
HPE,"Hewlett Packard Enterprise Comp",11659496000,1049000000,29135000000,"Computers and Technology","Computer - Integrated Systems",-47.15%,0.00%
HPQ,"HP Inc",20617198000,3152000000,58756000000,"Computers and Technology","Computer - Mini",-47.28%,-40.11%
HRB,"H&R Block",2673478000,422510000,3094880000,"Consumer Discretionary","Consumer Services - Misc",2.33%,28.74%
HRL,"Hormel Foods Corp",26313380000,978810000,9497320000,"Consumer Staples","Food - Meat Products",1.94%,55.36%
HSIC,"Henry Schein Inc",7427595000,694730000,9985800000,Medical,"Medical - Dental Suppliers",-3.72%,29.04%
HST,"Host Marriott Financial Trust",7573400000,920000000,5469000000,Finance,"REIT - Equity Trust Other",2.15%,31.25%
HSY,"Hershey Foods Corp",29704510000,1149690000,7986250000,"Consumer Staples","Food - Confectionery",7.61%,45.23%
HUM,"Humana Inc",47414016000,2707000000,64888000000,Medical,"Medical - HMO",33.79%,137.95%
HWM,"Howmet Aerospace Inc.",4616383000,470000000,14192000000,"Industrial Products","Engineering & R&D Services",-40.63%,-23.55%
IBM,"International Business Machines",103730520000,9431000000,77147000000,"Computers and Technology","Computer - Integrated Systems",-16.86%,-22.50%
ICE,"Intercontinental Exchange",48066048000,1933000000,5202000000,Finance,"Securities Exchanges",68.24%,101.04%
IDXX,"Idexx Laboratories",22122428000,427720000,2406910000,Medical,"Medical Instruments",61.99%,144.50%
IEX,"Idex Corp",11331402000,425520000,2494570000,"Industrial Products","Machinery - General Industrial",16.15%,62.46%
IFF,"International Flavors & Fragrances",13048000000,455870000,5140080000,"Consumer Staples","Consumer Prdts - Misc Staple",66.42%,21.46%
ILMN,"Illumina Inc",45571064000,1002000000,3543000000,Medical,"Medical - Biomedical",90.34%,139.78%
INCY,"Incyte Corp",21560540000,446910000,2158760000,Medical,"Medical - Biomedical",322.04%,868.97%
INFO,"IHS Markit Ltd",26591750000,502700000,4414600000,"Business Services","Business Information",112.26%,43.15%
INTC,"Intel Corp",241250272000,21048000000,71965000000,"Computers and Technology","Semi General",28.81%,110.82%
INTU,"Intuit Inc",64900836000,1557000000,6784000000,"Computers and Technology","Computer - Software",50.55%,85.38%
IP,"International Paper Company",11850142000,1225000000,22376000000,"Basic Materials","Paper & Related Products",-5.25%,47.67%
IPG,"Interpublic Group of Companies",5463829000,656000000,10221300000,"Business Services","Advertising Marketing Services",35.61%,96.94%
IPGP,"Ipg Photonics Corp",5933304000,180230000,1314580000,"Computers and Technology","Lasers - Systems & Components",70.76%,15.04%
IQV,"Iqvia Holdings Inc",23462552000,191000000,11088000000,"Business Services","Technology Services",103.08%,120.00%
IR,"Ingersoll Rand Inc.",5413493000,159100000,2451900000,"Industrial Products","Machinery - General Industrial",-4.60%,0.00%
IRM,"Iron Mountain Inc",7110364000,267380000,4262580000,Finance,"REIT - Equity Trust Other",36.72%,-31.62%
ISRG,"Intuitive Surg Inc",57915992000,1379300000,4478500000,Medical,"Medical Instruments",110.09%,127.69%
IT,"Gartner Inc",9050879000,233290000,4245320000,"Business Services",Consulting,110.01%,74.11%
ITW,"Illinois Tool Works Inc",48189708000,2521000000,14109000000,"Industrial Products","Machinery - General Industrial",-2.59%,65.95%
IVZ,"Invesco Plc",4048898000,688300000,6117400000,Finance,"Finance - Investment Mgmt",18.85%,1.59%
J,"Jacobs Engineering Group Inc",10405841000,847980000,12737870000,"Industrial Products","Engineering & R&D Services",0.34%,65.03%
JBHT,"J B Hunt Transport",10613149000,516320000,9165260000,Transportation,"Transportation - Truck",48.66%,54.75%
JCI,"Johnson Controls Intl",21080056000,5674000000,23968000000,"Industrial Products","Protection - Safety",131.80%,-5.77%
JKHY,"Jack Henry & Assoc",11997474000,271890000,1552690000,"Computers and Technology","Electronic Misc Services",28.32%,49.15%
JNJ,"Johnson & Johnson",394609152000,15119000000,82059000000,Medical,"Large Cap Pharma",10.40%,45.39%
JNPR,"Juniper Networks",7484182000,345000000,4445400000,"Computers and Technology","Wireless Equipment",-3.93%,34.44%
JPM,"JP Morgan Chase & Company",271294144000,36431000000,142422000000,Finance,"Banks - Major Regional",39.49%,98.11%
JWN,Nordstrom,2607851000,496000000,15524000000,Retail-Wholesale,"Retail - Apparel & Shoes",14.94%,-9.41%
K,"Kellogg Company",22440532000,960000000,13578000000,"Consumer Staples","Food - Misc & Diversified",-6.87%,3.14%
KEY,Keycorp,10009265000,1717000000,7694000000,Finance,"Banks - Major Regional",76.83%,66.67%
KEYS,"Keysight Technologies Inc Comm",17165382000,621000000,4303000000,"Computers and Technology","Electronics - Measuring Inst",46.71%,55.76%
KHC,"Kraft Heinz Company",34783420000,1935000000,24977000000,"Consumer Staples","Food - Misc & Diversified",37.20%,-12.04%
KIM,"Kimco Realty Corp",3589825000,410610000,1158880000,Finance,"REIT - Equity Trust Retail",16.60%,11.11%
KLAC,"K L A-Tencor Corp",23294752000,1175620000,4568900000,"Computers and Technology","Electronics Products - Misc",55.97%,138.31%
KMB,"Kimberly-Clark Corp",47623424000,2157000000,18450000000,"Consumer Staples","Consumer Prdts - Misc Staple",-6.46%,25.05%
KMI,"Kinder Morgan",32752810000,2190000000,13209000000,Oils-Energy,"Oil - Production & Pipeline",-18.59%,-15.93%
KMX,"Carmax Inc",10388018000,888430000,20319990000,Retail-Wholesale,"Retail - Wholesale Auto Parts",42.41%,101.13%
KO,"Coca-Cola Company",194692720000,8920000000,37266000000,"Consumer Staples","Beverages - Soft",-18.98%,3.43%
KR,"Kroger Company",25024786000,1659000000,122286000000,Retail-Wholesale,"Retail - Supermarket",12.74%,25.00%
KSS,"Kohl's Corp",2558454000,691000000,19974000000,Retail-Wholesale,"Retail - Regional Dept Stores",5.00%,14.62%
KSU,"Kansas City Southern",12448568000,538900000,2866000000,Transportation,"Transportation - Rail",11.21%,43.15%
L,"Loews Corp",9544548000,932000000,14931000000,Finance,"Insurance - Multi Line",4.23%,38.91%
LB,"L Brands Inc",3334988000,-366000000,12914000000,Retail-Wholesale,"Retail - Apparel & Shoes",12.75%,-34.57%
LDOS,"Leidos Holdings Inc",13413052000,667000000,11094000000,Aerospace,"Aerospace - Defense",119.12%,101.95%
LEG,"Leggett & Platt Inc",3569400000,333800000,4752500000,"Consumer Discretionary",Furniture,25.65%,44.38%
LEN,"Lennar Corp",12536436000,1849050000,22259560000,Construction,"Building - Residential & Comm",186.12%,105.00%
LH,"Laboratory Corp of America Holdings",14388720000,823800000,11554800000,Medical,"Medical - Dental Suppliers",92.21%,66.47%
LHX,"L3Harris Technologies Inc",40728728000,1333000000,12856000000,Aerospace,"Aerospace - Defense",152.92%,96.11%
LIN,"Linde Plc",97473496000,2285000000,28228000000,Oils-Energy,"Oil - Field Services",130.00%,17.07%
LKQ,"LKQ Corp",6121460000,541260000,12506110000,Auto-Tires-Trucks,"Auto - Truck Replacement Parts",85.55%,86.61%
LLY,"Eli Lilly and Company",146110992000,8318400000,22319500000,Medical,"Large Cap Pharma",13.78%,117.27%
LMT,"Lockheed Martin Corp",105202912000,6230000000,59812000000,Aerospace,"Aerospace - Defense",31.17%,92.54%
LNC,"Lincoln National Corp",5300442000,886000000,17258000000,Finance,"Insurance - Life",27.33%,44.28%
LNT,"Alliant Energy Corp",12187584000,567400000,3647700000,Utilities,"Utility - Electric Power",8.88%,32.76%
LOW,"Lowe's Companies",69923376000,4281000000,72148000000,Retail-Wholesale,"Building Prds Retail - Wsale",28.32%,113.43%
LRCX,"Lam Research Corp",35459860000,2191430000,9653560000,"Computers and Technology","Semi-Eqpt Wafer Fabrication",109.53%,229.19%
LUV,"Southwest Airlines Company",15575783000,2300000000,22428000000,Transportation,"Transportation - Airline",20.55%,112.44%
LVS,"Las Vegas Sands",31076172000,2698000000,13739000000,"Consumer Discretionary",Gaming,-5.79%,-8.94%
LW,"Lamb Weston Holdings Inc",8135833000,467800000,3756500000,"Consumer Staples","Food - Misc & Diversified",33.44%,0.00%
LYB,"Lyondellbasell Industries NV",15556608000,3397000000,34727000000,"Basic Materials","Chemical - Diversified",-23.86%,7.85%
LYV,"Live Nation Entertainment",7823946000,69890000,11547970000,"Consumer Discretionary","Leisure & Recreation Services",68.17%,-122.22%
MA,"Mastercard Inc",246603248000,8118000000,16883000000,"Business Services","Financial Transaction Services",78.22%,146.67%
MAA,"Mid-America Apartment Communities",12289670000,353810000,1641020000,Finance,"REIT - Equity Trust Resident",65.88%,63.30%
MAR,"Marriot Int Cl A",25904778000,1273000000,20972000000,"Consumer Discretionary","Hotels & Motels",52.02%,131.66%
MAS,"Masco Corp",10144017000,935000000,6707000000,Construction,"Building & Construction - Misc",-21.29%,120.59%
MCD,"McDonald's Corp",132376480000,6025400000,21076500000,Retail-Wholesale,"Retail - Restaurants",-23.19%,46.27%
MCHP,"Microchip Technology",17929418000,355900000,5349500000,"Computers and Technology","Semi Analog & Mixed",177.00%,171.43%
MCK,"Mckesson Corp",23432608000,34000000,214319000000,Medical,"Medical - Dental Suppliers",55.74%,62.51%
MCO,"Moody's Corp",42732096000,1422000000,4829000000,Finance,"Finance - Misc Services",44.83%,96.91%
MDLZ,"Mondelez Intl Inc",73194728000,3870000000,25868000000,"Consumer Staples","Food - Misc & Diversified",-24.46%,40.34%
MDT,"Medtronic Inc",130813608000,4631000000,30557000000,Medical,"Medical Products",79.69%,36.65%
MET,"Metlife Inc",28811948000,5899000000,69620000000,Finance,"Insurance - Multi Line",-5.04%,6.45%
MGM,"MGM Resorts International",6498594000,2046430000,12899670000,"Consumer Discretionary",Gaming,27.95%,60.42%
MHK,"Mohawk Industries",5199991000,744210000,9970670000,"Consumer Discretionary","Textile - Home Furnishings",27.77%,23.19%
MKC,"Mccormick & Company Inc",20092272000,702700000,5347400000,"Consumer Staples","Food - Misc & Diversified",26.02%,58.75%
MKTX,"Marketaxess Holdings",15566602000,204900000,511350000,Finance,"Securities Exchanges",94.60%,174.11%
MLM,"Martin Marietta Materials",11139312000,611900000,4739100000,Construction,"Building - CMT & CNT & AG",60.22%,160.43%
MMC,"Marsh & Mclennan Companies",46729700000,1742000000,16652000000,Finance,"Insurance - Brokers",28.58%,65.25%
MMM,"3M Company",81444480000,4570000000,32136000000,Conglomerates,"Conglomerates - Div Operations",0.99%,21.50%
MNST,"Monster Beverage Cp",31698340000,1107840000,4200820000,"Consumer Staples","Beverages - Soft",70.43%,120.65%
MO,"Altria Group",70171936000,-1293000000,25110000000,"Consumer Staples",Tobacco,2.40%,64.20%
MOS,"Mosaic Company",4124740000,-1067400000,8906300000,"Basic Materials",Fertilizers,-1.65%,-92.86%
MPC,"Marathon Petroleum Corp",15406235000,2637000000,123949000000,Oils-Energy,"Oil - Refining and Marketing",26.72%,12.53%
MRK,"Merck & Company",199249296000,9843000000,46840000000,Medical,"Large Cap Pharma",10.90%,48.71%
MRO,"Marathon Oil Corp",3351372000,480000000,5063000000,Oils-Energy,"Oil - US Integrated",-53.32%,-55.88%
MS,"Morgan Stanley",58216536000,9042000000,41419000000,Finance,"Finance - Investment Brokers",20.84%,115.58%
MSCI,"MSCI Inc",26466868000,563650000,1557800000,"Computers and Technology","Business Software Services",56.30%,222.00%
MSFT,"Microsoft Corp",1276446848000,39240000000,125843000000,"Computers and Technology","Computer - Software",44.93%,78.57%
MSI,"Motorola Solutions",24820286000,868000000,7887000000,"Computers and Technology","Wireless Equipment",34.11%,208.71%
MTB,"M&T Bank Corp",13596773000,1929150000,6941270000,Finance,"Banks - Major Regional",46.56%,81.64%
MTD,"Mettler-Toledo International",16389335000,561110000,3008650000,"Computers and Technology","Industrial Scientific",21.02%,94.28%
MU,"Micron Technology",46055624000,6313000000,23406000000,"Computers and Technology","Semi Memory",43.09%,90.99%
MXIM,"Maxim Integrated",13563988000,827490000,2314330000,"Computers and Technology","Semi Analog & Mixed",-5.68%,50.00%
MYL,"Mylan NV Ord Shs",7809758000,16800000,11500500000,Medical,"Medical - Generic Drugs",48.98%,24.16%
NBL,"Noble Energy Inc",3261894000,-1512000000,4438000000,Oils-Energy,"Oil - US Exploration & Product",-13.00%,-114.83%
NCLH,"Norwegian Cruise Ord",2345233000,930230000,6462380000,"Consumer Discretionary","Leisure & Recreation Services",106.74%,140.09%
NDAQ,"Nasdaq Inc",17370812000,774000000,4262000000,Finance,"Securities Exchanges",21.77%,73.61%
NEE,"Nextera Energy",115222320000,3769000000,19204000000,Utilities,"Utility - Electric Power",12.83%,57.92%
NEM,"Newmont Mining Corp",47877596000,2805000000,9740000000,"Basic Materials","Mining - Misc",33.57%,21.10%
NFLX,"Netflix Inc",190367632000,1866920000,20156450000,"Consumer Discretionary","Broadcast - Radio & TV",266.17%,679.25%
NI,"NiSource Inc",9712495000,383100000,5208900000,Utilities,"Utility - Electric Power",-19.50%,-22.81%
NKE,"Nike Inc",132488896000,4029000000,39117000000,"Consumer Staples","Shoes and Related Apparel",40.71%,67.11%
NLOK,"Nortonlifelock Inc.",11635441000,31000000,4731000000,"Industrial Products","Protection - Safety",-29.13%,-33.90%
NLSN,"Nielsen Holdings Plc",4256312000,-415000000,6498000000,"Business Services","Business Information",3.34%,-30.74%
NOC,"Northrop Grumman Corp",55822320000,2248000000,33841000000,Aerospace,"Aerospace - Defense",41.13%,137.51%
NOV,National-Oilwell,4456800000,-6095000000,8479000000,Oils-Energy,"Oil Field Machinery & Equip",-60.45%,-110.84%
NOW,"Servicenow Inc",54808544000,626700000,3460440000,"Computers and Technology","IT Services",406.98%,164.36%
NRG,"NRG Energy",7593928000,4438000000,9821000000,Utilities,"Utility - Electric Power",-38.11%,"1,621.74%"
NSC,"Norfolk Southern Corp",41613748000,2722000000,11296000000,Transportation,"Transportation - Rail",-2.82%,61.82%
NTAP,"Netapp Inc",8612632000,1169000000,6146000000,"Computers and Technology","Computer - Storage Devices",-2.83%,84.40%
NTRS,"Northern Trust Corp",15575742000,1492200000,6895100000,Finance,"Banks - Major Regional",52.80%,95.00%
NUE,"Nucor Corp",10851050000,1271140000,22588860000,"Basic Materials","Steel - Producers",7.03%,89.04%
NVDA,"Nvidia Corp",165071120000,2796000000,10918000000,"Computers and Technology","Semi General",133.22%,288.98%
NVR,"NVR Inc",10346434000,878540000,7388660000,Construction,"Building - Residential & Comm",66.24%,248.24%
NWL,"Newell Rubbermaid Inc",5302220000,106600000,9714900000,"Consumer Staples","Consumer Prdts - Misc Staple",69.63%,-15.00%
NWS,"News Cp Cl B",5070845000,155000000,10074000000,"Consumer Discretionary","Movie & TV Production & Dist",17.49%,0.00%
NWSA,"News Cp Cl A",4962016000,155000000,10074000000,"Consumer Discretionary","Movie & TV Production & Dist",17.49%,0.00%
O,"Realty Income Corp",17118390000,436480000,1491590000,Finance,"REIT - Equity Trust Retail",59.78%,33.98%
ODFL,"Old Dominion Freight Line Inc.",14844025000,615520000,4109110000,Transportation,"Transportation - Truck",47.39%,146.86%
OKE,"Oneok Inc",11145169000,1278580000,10164370000,Utilities,"Utility - Gas Distribution",-16.65%,90.68%
OMC,"Omnicom Group Inc",11134003000,1339100000,14953700000,"Business Services","Advertising Marketing Services",-2.38%,41.92%
ORCL,"Oracle Corp",161810400000,11083000000,39506000000,"Computers and Technology","Computer - Software",3.22%,15.75%
ORLY,"O'Reilly Automotive",26604488000,1391040000,10149990000,Retail-Wholesale,"Retail - Wholesale Auto Parts",40.66%,143.60%
OTIS,"Otis Worldwide Corp [Otis/I]",19879796000,1116000000,13118000000,Construction,"Building & Construction - Misc",0.00%,0.00%
OXY,"Occidental Petroleum Corp",11106222000,-667000000,20393000000,Oils-Energy,"Oil - US Integrated",5.60%,-69.98%
PAYC,"Paycom Software Inc",12251737000,180580000,737670000,"Computers and Technology","Internet - Software",388.75%,"1,488.89%"
PAYX,"Paychex Inc",22964932000,1034400000,3772500000,"Business Services",Outsourcing,49.77%,66.08%
PBCT,"People's United Finl",4662789000,520400000,2312200000,Finance,"Finance - Savings & Loan",67.38%,69.51%
PCAR,"Paccar Inc",22766614000,2387900000,25599700000,Auto-Tires-Trucks,"Auto - Domestic",34.76%,79.84%
PEAK,"Healthpeak Properties Inc.",12382927000,45530000,1997380000,Finance,"REIT - Equity Trust Other",-11.87%,-95.36%
PEG,"Public Service Enterprise Group Inc",25261402000,1693000000,10076000000,Utilities,"Utility - Electric Power",-7.44%,18.84%
PEP,"Pepsico Inc",181947024000,7314000000,67161000000,"Consumer Staples","Beverages - Soft",0.72%,19.44%
PFE,"Pfizer Inc",197606896000,16273000000,51750000000,Medical,"Large Cap Pharma",4.32%,30.53%
PFG,"Principal Financial Group Inc",7772450000,1394200000,16222100000,Finance,"Finance - Investment Mgmt",54.83%,26.53%
PG,"Procter & Gamble Company",295544128000,3897000000,67684000000,"Consumer Staples","Soap and Cleaning Products",-18.51%,7.11%
PGR,"Progressive Corp",47555544000,3970300000,39022300000,Finance,"Insurance - Proprty & Casualty",101.24%,226.21%
PH,"Parker-Hannifin Corp",16741103000,1512360000,14320320000,"Industrial Products","Machinery - General Industrial",8.36%,70.75%
PHM,Pultegroup,6527996000,1016700000,10212960000,Construction,"Building - Residential & Comm",75.41%,179.20%
PKG,"Packaging Corp of America",8126747000,696400000,6964300000,"Industrial Products","Containers - Paper Products",18.99%,64.16%
PKI,Perkinelmer,9198163000,227560000,2883670000,"Computers and Technology","Industrial Scientific",28.90%,65.99%
PLD,"Prologis Inc",65779012000,1572960000,3330620000,Finance,"REIT - Equity Trust Other",89.15%,98.39%
PM,"Philip Morris International Inc",112547616000,7185000000,29805000000,"Consumer Staples",Tobacco,-62.79%,-10.82%
PNC,"PNC Bank",42443972000,5369000000,21624000000,Finance,"Banks - Major Regional",32.82%,56.03%
PNR,"Pentair Ltd",4903324000,355700000,2957200000,"Industrial Products","Machinery - Thermal Processing",-57.99%,-37.04%
PNW,"Pinnacle West Capital Corp",8505293000,538320000,3471210000,Utilities,"Utility - Electric Power",-0.58%,33.24%
PPG,"PPG Industries",20762440000,1243000000,15146000000,"Basic Materials","Chemical - Diversified",-1.39%,27.46%
PPL,"PPL Corp",18865190000,1746000000,7769000000,Utilities,"Utility - Electric Power",-32.44%,0.00%
PRGO,"Perrigo Company",6764150000,146100000,4837400000,Medical,"Medical Products",5.07%,-36.93%
PRU,"Prudential Financial Inc",20511120000,4186000000,64807000000,Finance,"Insurance - Multi Line",19.78%,26.93%
PSA,"Public Storage",33361300000,1520530000,2846820000,Finance,"REIT - Equity Trust Other",29.67%,38.86%
PSX,"Phillips 66",24960534000,3076000000,107293000000,Oils-Energy,"Oil - Refining and Marketing",-33.45%,21.60%
PVH,"Phillips-Van Heusen Corp",2787829000,417300000,9909000000,"Consumer Staples","Textile - Apparel",20.24%,30.68%
PWR,"Quanta Services",4465236000,402040000,12112150000,"Industrial Products","Engineering & R&D Services",54.27%,62.23%
PXD,"Pioneer Natural Resources Company",12175081000,756000000,9304000000,Oils-Energy,"Oil - US Exploration & Product",84.06%,72.57%
PYPL,"Paypal Holdings",126139696000,2459000000,17772000000,"Computers and Technology","Internet - Software",121.46%,160.64%
QCOM,"Qualcomm Inc",82116200000,4386000000,24273000000,"Computers and Technology","Wireless Equipment",-8.36%,-37.17%
QRVO,"Qorvo Inc",9391308000,133130000,3090330000,"Computers and Technology","Semi Radio Frequency",169.14%,0.00%
RCL,"Royal Caribbean Cruises Ltd",7199899000,1878890000,10950660000,"Consumer Discretionary","Leisure & Recreation Services",35.63%,181.42%
RE,"Everest Re Group",9035856000,1009460000,8231170000,Finance,"Insurance - Proprty & Casualty",42.15%,-13.64%
REG,"Regency Centers Corp",5969013000,239430000,1133140000,Finance,"REIT - Equity Trust Retail",110.66%,-20.56%
REGN,"Regeneron Pharmaceuticals",59900396000,2115800000,7863400000,Medical,"Medical - Biomedical",178.89%,190.14%
RF,"Regions Financial Corp",8501650000,1582000000,6755000000,Finance,"Banks - Southeast",24.88%,96.20%
RHI,"Robert Half International Inc",4738803000,454430000,6074430000,"Business Services",Staffing,29.38%,72.57%
RJF,"Raymond James Financial",8535323000,1034000000,8023000000,Finance,"Finance - Investment Brokers",61.58%,122.89%
RL,"Ralph Lauren Corp",5038053000,430900000,6313000000,"Consumer Staples","Textile - Apparel",-15.26%,-14.71%
RMD,"Resmed Inc",22755486000,404590000,2606570000,Medical,"Medical Products",67.63%,50.41%
ROK,"Rockwell Automation Inc",19107620000,695800000,6694800000,"Computers and Technology","Industrial Robotics",1.08%,40.52%
ROL,"Rollins Inc",12147416000,203350000,2015480000,Construction,"Building - Maint & Service",42.78%,73.81%
ROP,"Roper Industries",32955642000,1767900000,5366800000,"Industrial Products","Machinery - General Industrial",51.20%,103.27%
ROST,"Ross Stores Inc",29390504000,1660930000,16039070000,Retail-Wholesale,"Retail - Discount",45.26%,107.24%
RSG,"Republic Services",24437546000,1073300000,10299400000,"Business Services","Waste Removal Svcs",17.19%,70.41%
RTX,"Raytheon Technologies Corp.",54265236000,5537000000,77046000000,Aerospace,"Aerospace - Defense Equipment",18.35%,18.68%
SBAC,"SBA Communications",32910484000,146990000,2014650000,Finance,"REIT - Equity Trust Other",31.94%,"1,700.00%"
SBUX,"Starbucks Corp",85351464000,3599200000,26508600000,Retail-Wholesale,"Retail - Restaurants",61.17%,112.78%
SCHW,"The Charles Schwab Corp",46264696000,3704000000,10721000000,Finance,"Finance - Investment Brokers",76.97%,186.32%
SEE,"Sealed Air Corp",4358629000,263000000,4791100000,"Industrial Products","Containers - Paper Products",-38.18%,51.61%
SHW,"Sherwin-Williams Company",44515760000,1541300000,17900800000,Construction,"Paint & Related Products",60.84%,140.55%
SIVB,"Svb Financial Group",8530513000,1136860000,3530890000,Finance,"Banks - West",141.15%,292.24%
SJM,"J.M. Smucker Company",13383500000,514400000,7838000000,"Consumer Staples","Food - Misc & Diversified",39.70%,46.99%
SLB,"Schlumberger N.V.",20338524000,-10137000000,32917000000,Oils-Energy,"Oil - Field Services",-32.24%,-73.61%
SLG,"SL Green Realty Corp",3496164000,281350000,1239000000,Finance,"REIT - Equity Trust Other",-18.49%,85.12%
SNA,"Snap-On Inc",6045101000,693500000,3730000000,"Consumer Discretionary","Tools - Hand Held",13.80%,71.71%
SNPS,"Synopsys Inc",21803490000,532370000,3360690000,"Computers and Technology","Computer - Software",63.34%,56.82%
SO,"Southern Company",58663888000,4754000000,21419000000,Utilities,"Utility - Electric Power",15.99%,11.07%
SPG,"Simon Property Group",17162928000,2101580000,5755190000,Finance,"REIT - Equity Trust Retail",18.16%,53.38%
SPGI,"S&P Global Inc",64386132000,2123000000,6699000000,"Business Services","Business Information",32.63%,145.62%
SRE,"Sempra Energy",34873712000,2198000000,10829000000,Utilities,"Utility - Gas Distribution",-1.87%,43.95%
STE,"Steris Corp",12533666000,304050000,2782170000,Medical,"Medical Instruments",71.50%,97.18%
STT,"State Street Corp",19839610000,2242000000,13131000000,Finance,"Banks - Major Regional",22.87%,21.22%
STX,"Seagate Tech Ord Shs",12979952000,2012000000,10390000000,"Computers and Technology","Computer - Storage Devices",-24.29%,-4.37%
STZ,"Constellation Brands Inc",29325672000,-11800000,8343500000,"Consumer Staples","Beverages - Alcohol",38.41%,105.41%
SWK,"Stanley Black & Decker Inc",16379017000,955800000,14442200000,"Industrial Products","Machinery - Tools & Related",27.37%,48.15%
SWKS,"Skyworks Solutions",14938500000,853600000,3376800000,"Computers and Technology","Semi Radio Frequency",47.36%,104.66%
SYF,"Synchrony Financial",8908324000,3747000000,19461000000,Finance,"Finance - Misc Services",52.91%,52.67%
SYK,"Stryker Corp",67060480000,2083000000,14884000000,Medical,"Medical Products",53.84%,74.63%
SYY,"Sysco Corp",24967792000,1674270000,60113920000,"Consumer Staples","Food - Misc & Diversified",29.23%,101.70%
T,"AT&T Inc",214559344000,13903000000,181193000000,Utilities,"Wireless National",36.80%,42.23%
TAP,"Molson Coors Brewing Company",9109598000,241700000,10579400000,"Consumer Staples","Beverages - Alcohol",155.15%,9.93%
TDG,"Transdigm Group Inc",16522478000,889770000,5223200000,Aerospace,"Aerospace - Defense Equipment",120.12%,127.96%
TEL,"Te Connectivity Ltd",21540530000,1844000000,13448000000,"Computers and Technology","Electronics - Misc Components",-3.34%,46.44%
TFC,"Truist Financial Corp.",45770416000,3224000000,14664000000,Finance,"Banks - Major Regional",47.73%,52.26%
TFX,"Teleflex Inc",15225915000,461470000,2595360000,Medical,"Medical Instruments",41.07%,94.25%
TGT,"Target Corp",53552840000,3281000000,78112000000,Retail-Wholesale,"Retail - Discount",7.57%,49.65%
TIF,"Tiffany & Company",15664792000,541100000,4424000000,Retail-Wholesale,"Retail - Jewelry",4.10%,9.29%
TJX,"TJX Companies",55153992000,3272190000,41716980000,Retail-Wholesale,"Retail - Discount",43.46%,68.99%
TMO,"Thermo Fisher Scientific Inc",127473408000,3696000000,25542000000,Medical,"Medical Instruments",51.23%,77.44%
TMUS,"T-Mobile US",74741696000,3468000000,44998000000,Utilities,"Wireless National",52.21%,"1,240.00%"
TPR,"Tapestry Inc",3795399000,643400000,6027100000,Retail-Wholesale,"Retail - Apparel & Shoes",25.40%,-17.10%
TROW,"T Rowe Price Group",23332652000,2131300000,5617900000,Finance,"Finance - Investment Mgmt",41.08%,80.13%
TRV,"The Travelers Companies Inc",25957056000,2622000000,31581000000,Finance,"Insurance - Proprty & Casualty",16.27%,-9.00%
TSCO,"Tractor Supply Company",10805408000,562350000,8351930000,Retail-Wholesale,"Retail - Misc & Diversified",46.22%,75.94%
TSN,"Tyson Foods",22599440000,2022000000,42405000000,"Consumer Staples","Food - Meat Products",12.84%,85.71%
TT,"Trane Technologies Plc",19191280000,1410900000,16598900000,"Business Services","Technology Services",28.76%,91.29%
TTWO,"Take-Two Interacti",14260800000,333840000,2668390000,"Consumer Discretionary","Toys & Game & Hobby",13.52%,5.15%
TWTR,"Twitter Inc",20204198000,1465660000,3459330000,"Computers and Technology","Internet - Software",146.57%,326.14%
TXN,"Texas Instruments",99785992000,5017000000,14383000000,"Computers and Technology","Semi General",10.26%,109.60%
TXT,"Textron Inc",5952917000,815000000,13630000000,Aerospace,"Aerospace - Defense",-1.79%,64.76%
UA,"Under Armour Inc Cl C",3849558000,92140000,5267130000,"Consumer Staples","Textile - Apparel",70.77%,0.00%
UAA,"Under Armour",4310420000,92140000,5267130000,"Consumer Staples","Textile - Apparel",70.77%,-30.61%
UAL,"United Continental Holdings",6912874000,3009000000,43259000000,Transportation,"Transportation - Airline",11.20%,138.14%
UDR,"United Dominion Realty Trust",10491867000,184970000,1152190000,Finance,"REIT - Equity Trust Resident",40.85%,6.78%
UHS,"Universal Health Services",8478601000,814850000,11378260000,Medical,"Medical - Hospitals",41.08%,869.90%
ULTA,"Ulta Beauty Inc",11350204000,705950000,7398070000,Retail-Wholesale,"Retail - Misc & Diversified",128.24%,199.25%
UNH,"Unitedhealth Group Inc",259774752000,13839000000,242155000000,Medical,"Medical - HMO",85.60%,165.09%
UNM,"Unumprovident Corp",2925847000,1100300000,11998900000,Finance,"Insurance - Accident & Health",14.17%,52.96%
UNP,"Union Pacific Corp",97989984000,5919000000,21708000000,Transportation,"Transportation - Rail",-9.50%,45.74%
UPS,"United Parcel Service",86380968000,4440000000,74094000000,Transportation,"Transportation - Air Freight",27.24%,58.53%
URI,"United Rentals",7235199000,1174000000,9351000000,Construction,"Building & Construction - Misc",64.49%,182.49%
USB,"U.S. Bancorp",49790872000,6914000000,27325000000,Finance,"Banks - Major Regional",27.73%,41.37%
V,"Visa Inc",315041088000,12080000000,22977000000,"Business Services","Financial Transaction Services",80.89%,139.65%
VAR,"Varian Medical Systems",9438330000,291900000,3225100000,Medical,"Medical Instruments",5.75%,11.84%
VFC,"V.F. Corp",21054364000,1259790000,13848660000,"Consumer Staples","Textile - Apparel",12.75%,38.46%
VIAC,"Viacomcbs Inc. Cl B",9298146000,3308000000,27812000000,"Consumer Discretionary","Movie & TV Production & Dist",101.45%,69.26%
VLO,"Valero Energy Corp",20241716000,2422000000,108324000000,Oils-Energy,"Oil - Refining and Marketing",-17.21%,-14.67%
VMC,"Vulcan Materials Company",14050829000,617660000,4929100000,Construction,"Building - CMT & CNT & AG",64.62%,400.00%
VNO,"Vornado Realty Trust",6893122000,3147940000,1924700000,Finance,"REIT - Equity Trust Other",-26.98%,-35.21%
VRSK,"Verisk Analytics Inc",23589656000,449900000,2607100000,"Business Services","Business Information",49.26%,82.50%
VRSN,"Verisign Inc",23933588000,612300000,1231660000,"Computers and Technology","Internet Software Services",21.93%,89.34%
VRTX,"Vertex Pharmaceutic",68135896000,1176810000,4162820000,Medical,"Medical - Biomedical",617.21%,246.42%
VTR,"Ventas Inc",10413980000,433020000,3872750000,Finance,"REIT - Equity Trust Other",25.91%,-26.42%
VZ,"Verizon Communications Inc",234999776000,19265000000,131868000000,Utilities,"Wireless National",3.77%,43.58%
WAB,"Wabtec Corp",9512502000,326700000,8200000000,Transportation,"Transportation - Equip & Lease",169.34%,15.19%
WAT,"Waters Corp",11523472000,592200000,2406600000,"Computers and Technology","Industrial Scientific",20.97%,64.05%
WBA,"Walgreens Boots Alliance",37325708000,3982000000,136866000000,Retail-Wholesale,"Retail - Drug Stores",79.16%,82.62%
WDC,"Western Digital Cp",11308598000,-754000000,16569000000,"Computers and Technology","Computer - Storage Devices",9.51%,-52.96%
WEC,"Wisconsin Energy Corp",30010486000,1135200000,7523100000,Utilities,"Utility - Electric Power",50.55%,35.09%
WELL,"Welltower Inc",17953614000,1232430000,5121310000,Finance,"REIT - Equity Trust Other",53.17%,75.29%
WFC,"Wells Fargo & Company",109759440000,19549000000,103915000000,Finance,"Banks - Major Regional",17.59%,6.83%
WHR,"Whirlpool Corp",6153726000,1184000000,20419000000,"Consumer Discretionary","Appliances - Household",2.75%,40.47%
WLTW,"Willis Towers WT",23491216000,1044000000,9039000000,Finance,"Insurance - Brokers",137.74%,77.63%
WM,"Waste Management",40977444000,1670000000,15455000000,"Business Services","Waste Removal Svcs",10.42%,77.42%
WMB,"Williams Companies",21860496000,850000000,8201000000,Oils-Energy,"Oil - Production & Pipeline",7.39%,23.75%
WMT,"Wal-Mart Stores",365958528000,14881000000,523964000000,Retail-Wholesale,"Retail - Supermarket",7.89%,-2.76%
WRB,"W.R. Berkley Corp",9785563000,681940000,7902200000,Finance,"Insurance - Proprty & Casualty",10.85%,25.73%
WRK,"Westrock Company",7513316000,862900000,18289000000,"Basic Materials","Paper & Related Products",224.79%,115.14%
WU,"Western Union Company",7679180000,1058300000,5292100000,"Business Services","Financial Transaction Services",-5.62%,8.81%
WY,"Weyerhaeuser Company",13985936000,-76000000,6554000000,Construction,"Building Products - Wood",-11.47%,-68.80%
WYNN,"Wynn Resorts Ltd",7569126000,122990000,6611100000,"Consumer Discretionary",Gaming,21.67%,-65.57%
XEL,"XCEL Energy Inc",33269262000,1372000000,11529000000,Utilities,"Utility - Electric Power",-1.34%,30.05%
XLNX,"Xilinx Inc",21479610000,889750000,3059040000,"Computers and Technology","Semi Pro Logic Devices",28.39%,63.38%
XOM,"Exxon Mobil Corp",173350544000,14340000000,264938000000,Oils-Energy,"Oil - International Integrated",-35.69%,-70.39%
XRAY,"Dentsply Sirona Inc",8686571000,262900000,4029200000,Medical,"Medical - Dental Suppliers",37.86%,-2.00%
XRX,"Xerox Corp",3568472000,1353000000,9066000000,"Industrial Products","Office Supply & Forms",-53.60%,-17.06%
XYL,"Xylem Inc",12269583000,401000000,5249000000,"Industrial Products","Machinery - General Industrial",34.04%,53.30%
YUM,"Yum! Brands",24433078000,1294000000,5597000000,Retail-Wholesale,"Retail - Restaurants",-57.85%,14.89%
ZBH,"Zimmer Biomet Holdings",23146146000,1131600000,7982200000,Medical,"Medical Products",70.80%,29.87%
ZBRA,"Zebra Technologies",10415442000,544000000,4485000000,"Industrial Products","Machinery - Thermal Processing",168.47%,240.00%
ZION,"Zions Bancorp",4698973000,816000000,3245000000,Finance,"Banks - West",37.41%,156.21%
ZTS,"Zoetis Inc Cl A",59221276000,1500000000,6260000000,Medical,"Medical - Drugs",30.83%,131.85%
"Downloaded from Barchart.com as of 04-22-2020 10:40am CDT"
